cv_type,seed,fold,model,n_train,n_test,R2_all,RMSE_all,MAE_all,R2_surface,RMSE_surface,R2_deep,RMSE_deep,R2_0-20cm,RMSE_0-20cm,R2_20-50cm,RMSE_20-50cm,R2_50-100cm,RMSE_50-100cm,R2_>100cm,RMSE_>100cm
Spatial_block,42,0,Mean,15955,3989,-0.0034958084192189265,0.8458752615187028,0.6835306828539113,-0.7594347238056911,0.9243279303488161,-0.13686724914237858,0.8162164083799761,-0.31713257626764446,0.8683969576423635,-0.10773890222656979,0.7520239191865303,-0.6903412496648156,0.8809720487495706,-1.3542634204896031,0.9415901434955838
Spatial_block,42,0,LinearReg,15955,3989,0.5091479662943426,0.5915941076538382,0.46570407390621277,0.4544191491635209,0.5147176446495438,0.35124612262600696,0.6165814100931081,0.4660260565910086,0.5529216307346881,0.2501440936610906,0.6187309754137732,0.15314153697423327,0.6235630183260328,0.013557998116846215,0.6094950098324668
Spatial_block,42,0,Ridge,15955,3989,0.5086703502579555,0.5918818584554639,0.4663162946138924,0.44432270500695303,0.5194584589351287,0.3534284971001217,0.6155434624777919,0.46035752772418914,0.5558487192396419,0.2561774171396002,0.6162368006218353,0.15528314496112294,0.6227740595131049,0.014132961163886404,0.6093173571237138
Spatial_block,42,0,RF,15955,3989,0.5859085072611196,0.5433713006944842,0.41522264416407384,0.5248108810764794,0.4803665307386269,0.4570904855850496,0.564045540233945,0.5476279813654972,0.5089222219484869,0.3794688147410884,0.5628527033952421,0.29293753126809785,0.5697755738606134,0.0650094684815472,0.5933869388241693
Spatial_block,42,0,XGBoost,15955,3989,0.5900606083529203,0.5406402416027322,0.41350175414827,0.526609012340465,0.4794568079373502,0.4634068464957748,0.5607548092422043,0.5526621347963458,0.5060825677833886,0.3876529588375973,0.559128670396167,0.30141021432293325,0.5663514937022389,0.04620562064768541,0.5993241190859346
Spatial_block,42,1,Mean,15955,3989,-0.0010252389331304457,0.878609860502415,0.7000102237068315,-0.4135817225281897,1.028980492494587,-0.02873270155619756,0.8257059532774476,-0.21170234248200148,0.975339821616631,-0.010318835341611043,0.7900837656040637,-0.26906124044802704,0.818537439923476,-0.8418748056182448,0.7923438773351683
Spatial_block,42,1,LinearReg,15955,3989,0.41276932431735003,0.6729424520208561,0.5164921794827199,0.4139566504637723,0.6625391585828755,0.3101165992692839,0.6761794858319006,0.42232656392736956,0.6734404227663976,0.260042966052473,0.6761564026183441,0.1184458828296201,0.6822157598598425,-0.08278298902940406,0.6075113060854623
Spatial_block,42,1,Ridge,15955,3989,0.416777547180481,0.6706418894720497,0.5157255781366392,0.4152034179470052,0.6618340297900955,0.3158036217637733,0.6733866909046882,0.42380355294527394,0.6725789492702076,0.2635530602638544,0.6745507729186737,0.12488241685134083,0.6797206495170971,-0.019529624590942873,0.5894996851816379
Spatial_block,42,1,RF,15955,3989,0.4868146647322883,0.6290869526899041,0.4636212292250057,0.4914357133846544,0.6171910368399072,0.3958326534396178,0.6327800343372794,0.4919795822633254,0.6315366601631414,0.3567316267684799,0.630434560332287,0.20780500199740215,0.6467155548080322,0.22654692946769373,0.5134529301696126
Spatial_block,42,1,XGBoost,15955,3989,0.4933061461942485,0.6250955070683539,0.4610569951646078,0.4748667963490101,0.6271644319432674,0.4116464554006569,0.6244437601606604,0.4810679359446781,0.6382829379504587,0.3822328836498484,0.617811953621737,0.2378509793941418,0.6343328559346703,0.23932761529094504,0.5091930621515961
Spatial_block,42,2,Mean,15956,3988,-0.0009145615761656511,0.7889135006530924,0.6475274788717553,-0.5318473626904403,0.8723585128694621,-0.16042631851973232,0.7463316068709801,-0.2443706342891252,0.8340525050076543,-0.12656387844157968,0.6952005739338472,-0.6518345184937884,0.784950537604512,-0.9446751001628595,0.8462406791051373
Spatial_block,42,2,LinearReg,15956,3988,0.5541610029096677,0.5265261083240786,0.40215515716286654,0.545638689271001,0.47510317063287355,0.3718411399560988,0.54910802915045,0.5597475646089044,0.4961001950098205,0.2931638880886117,0.5506702008501373,0.2275633740545503,0.5367727394579593,-0.0506284897315743,0.6220065501309744
Spatial_block,42,2,Ridge,15956,3988,0.5495253667943535,0.5292563222404316,0.4027630398277745,0.5441582282395633,0.4758765636242311,0.3637265993248052,0.5526433305277683,0.5580875103018447,0.49703463434401535,0.29258644880634166,0.5508950858586458,0.23107956957071785,0.5355496289549264,-0.20244757511371714,0.6654316399997208
Spatial_block,42,2,RF,15956,3988,0.638587543068031,0.4740590514107996,0.35888068240300164,0.6062100484689964,0.4423026809818068,0.5032236649762822,0.48831886078660863,0.6212447591269487,0.4601483188529329,0.45084627431684865,0.4853769832711131,0.3507280924310875,0.4921214883129205,0.42349088853453587,0.4607586097537904
Spatial_block,42,2,XGBoost,15956,3988,0.6390464216820428,0.47375800388134565,0.3553841814431181,0.6185573272744851,0.4353132589297647,0.49807200049179834,0.49084430976675203,0.630120753571938,0.4547246488845596,0.4421944562903829,0.4891855545246704,0.33638815635421415,0.49752634994436357,0.4298644549232661,0.4582045847831854
Spatial_block,42,3,Mean,15954,3990,-0.01241850031042091,0.8219875203190382,0.646065792836198,-0.22236293476493807,0.8830806124285748,-0.14312750905523708,0.7957541805144879,-0.11497186652979852,0.8729102534673387,-0.09226508588587135,0.7225219745094588,-0.5050451752604022,0.8142319927224871,-0.8569879695284974,0.8978584204964949
Spatial_block,42,3,LinearReg,15954,3990,0.5578275456381006,0.5432266025695448,0.4250234798972058,0.568530407464602,0.5246568666224105,0.4526955249092015,0.5506125303445987,0.5846151287524164,0.5327984807402687,0.43111082044052285,0.5214358311339092,0.27740514427822904,0.5641840803047553,0.1253715514356123,0.6161906648449711
Spatial_block,42,3,Ridge,15954,3990,0.556802560537526,0.5438558557799925,0.42569916542632846,0.5633965362513056,0.527768969867975,0.45336640390128913,0.5502749598830067,0.5802805817416424,0.5355711461552232,0.43031952107119276,0.5217983520586297,0.28084672168839264,0.5628389277226038,0.13623576973914553,0.612351692541264
Spatial_block,42,3,RF,15954,3990,0.6321494637903884,0.49547401666051827,0.37899132632769184,0.6603117270887773,0.46552235465155867,0.5356522046637231,0.5071696828907001,0.6719145054684075,0.47351218039668014,0.4979914643461867,0.4898268472756331,0.35982936257770004,0.5310327061656768,0.36780834605325374,0.5238750242618859
Spatial_block,42,3,XGBoost,15954,3990,0.6364472079397049,0.4925711027537873,0.3768120549921388,0.6679357236057455,0.46026859396194847,0.5393622731237311,0.5051395151515008,0.6730044306668603,0.47272500418154006,0.5267566066258568,0.4755862764967201,0.3488762752600425,0.535556327308755,0.36467246428945144,0.5251727145589213
Spatial_block,42,4,Mean,15956,3988,-0.028470204137956756,0.8217985063489454,0.6557685997343548,-0.7893537944837707,0.9145139162288198,-0.017345159222438067,0.7708196835041868,-0.427170090748352,0.8792682029697555,-3.4273410625784706e-05,0.7240451832724916,-0.2178670546095438,0.7809349786348003,-0.6637824185296726,0.8365351791763376
Spatial_block,42,4,LinearReg,15956,3988,0.47273982208035736,0.588412616861715,0.45190131445199305,0.41650080357463326,0.5222306297802654,0.34370033580039216,0.6191127183188313,0.4116944376318201,0.5645273373011498,0.3487447739557401,0.584297243072255,0.1989689811128187,0.6333439137531207,0.04640318157126999,0.6333129092028451
Spatial_block,42,4,Ridge,15956,3988,0.47239382256764095,0.5886056497305645,0.4526772133707393,0.41086235301657237,0.5247477645894072,0.3453908823793608,0.6183148253611156,0.40796125848315523,0.5663156502557793,0.3487060214000065,0.5843146269440014,0.20165092632872172,0.6322827701788055,0.06705285591296906,0.6264183390911631
Spatial_block,42,4,RF,15956,3988,0.5727214667247772,0.5296939682302712,0.39148061053839084,0.5124730358793704,0.47735505900535535,0.4740736347845713,0.5542186118110352,0.5427925578783152,0.4976684917617729,0.4312369063952032,0.5460393366149354,0.31332226933127316,0.5863965629701038,0.38874017829487595,0.5070477607518833
Spatial_block,42,4,XGBoost,15956,3988,0.5648140334434145,0.5345728913911785,0.40025763261373626,0.49743294499671664,0.48466227561453923,0.46676940495103836,0.5580539219331004,0.5351981107738008,0.5017847317649001,0.4131384440693575,0.5546589904445407,0.3052708541652077,0.5898243449822197,0.38640285966211074,0.508016253509537
Random_5fold,20260725,0,Mean,15955,3989,-0.0010805367358364126,0.8349061720533999,0.6731771778574263,-0.44432270175532596,0.9138110759117426,-0.10429002317552083,0.800392173118903,-0.2267004718395209,0.8833179067563522,-0.06175233485351206,0.7459225909916748,-0.5434566178096898,0.8344275698460972,-0.8796173009825192,0.8414824617092425
Random_5fold,20260725,0,LinearReg,15955,3989,0.5207131552434902,0.5776980706439945,0.4405414547893451,0.5341543340037611,0.5189736747769468,0.3793110038445747,0.6000649799544887,0.5270593745375494,0.5484677286242805,0.3303030814755782,0.5924085233271658,0.1804416676913152,0.6080389023724607,0.03841624838701985,0.6018716815485154
Random_5fold,20260725,0,Ridge,15955,3989,0.5216896271431393,0.5771092859203213,0.4408642073458301,0.5302532834145168,0.5211421201630697,0.3825527526617507,0.5984959119165975,0.5243553618762095,0.5500334112987946,0.33168174251266846,0.5917984329287006,0.18196290531703063,0.6074743292090066,0.09135174659726386,0.5850705659331924
Random_5fold,20260725,0,RF,15955,3989,0.7027463456604536,0.45495324172005186,0.33675665483936007,0.7073905083325136,0.41130927574908044,0.6165538367983336,0.4716430694810573,0.7018149754979598,0.43550253034522796,0.5741007713901858,0.4724279403607935,0.49551105063452316,0.47705369075454573,0.5220532014221199,0.42432647575983673
Random_5fold,20260725,0,XGBoost,15955,3989,0.7248403094037532,0.43771917188387266,0.3262441409605642,0.7258548655470037,0.3981205268272351,0.6463931450320497,0.4529201022051165,0.7248340837397813,0.41835511930658736,0.6190019966549464,0.4468312079905313,0.5160269377069802,0.4672529222445761,0.5441059595686581,0.4144215296294723
Random_5fold,20260725,1,Mean,15955,3989,-0.003164255090878587,0.8355465960380507,0.6666060721374206,-0.5733612034034536,0.9348346599785249,-0.05012293930297229,0.7896738325064205,-0.2791240131841246,0.9132255905597869,-0.017598521306996684,0.7325006396481345,-0.40355366795647574,0.7752100355190834,-0.5794187396863955,0.8747526769647568
Random_5fold,20260725,1,LinearReg,15955,3989,0.5353769851789978,0.5686368614345979,0.44122059755666704,0.5123611391136713,0.5204388895063666,0.4179872802723793,0.5878870752938751,0.5389538595068954,0.5482693173069192,0.3628385147010831,0.579621561651207,0.2692776192375389,0.5593466986251516,-0.03591675345066059,0.7084334602624341
Random_5fold,20260725,1,Ridge,15955,3989,0.5318097989686332,0.570815568697397,0.4423674577107679,0.5091928993753728,0.5221268247187854,0.4132904481091245,0.5902544278213583,0.5364362587382185,0.5497642262797832,0.36324853981682337,0.5794350330785925,0.27082196761716903,0.5587553091401304,-0.11283881664178241,0.7342649027653716
Random_5fold,20260725,1,RF,15955,3989,0.708075466262557,0.45073361411254725,0.33819346011217044,0.6824532185650275,0.4199759731282491,0.638746997949539,0.46316251835909067,0.716293873650913,0.4300867903191428,0.5797875902840088,0.470710852780767,0.49747206874081085,0.46385792111211205,0.5559545326910755,0.46382094622526476
Random_5fold,20260725,1,XGBoost,15955,3989,0.7296358385371209,0.4337696989838891,0.3293361883700127,0.7011164408737927,0.4074474466562525,0.6673278071677061,0.4444633186828161,0.7400044741982057,0.4117225785274354,0.620110777506543,0.44755690409983334,0.5174230396865156,0.4545568075856845,0.5697731654378559,0.45654688557746453
Random_5fold,20260725,2,Mean,15955,3989,-4.0308640958386377e-07,0.8213259293278411,0.6562138744932804,-0.4976119979834286,0.9036758795580664,-0.07685485712855544,0.7858276877633387,-0.26930495243377806,0.8561549046324346,-0.0647922201012141,0.7331809305886908,-0.33706663499281797,0.8286964917453333,-0.8427485434832558,0.899003720834844
Random_5fold,20260725,2,LinearReg,15955,3989,0.5066991025539263,0.5768612929150881,0.44467593567069763,0.44789801685307795,0.548684496034951,0.39749866628971753,0.5877975171689219,0.4595772429186895,0.5586453344321874,0.3513061226342322,0.5722668981894169,0.27638359336927254,0.609639610624868,0.1646775881201593,0.6052788764644257
Random_5fold,20260725,2,Ridge,15955,3989,0.5064849191879026,0.576986511301769,0.4452214763438296,0.44495129917945153,0.5501467862819107,0.398270851422434,0.5874207262796698,0.45742525595967143,0.5597565043773295,0.35210521969456854,0.5719143145365391,0.278627922347533,0.6086934640280539,0.16647475783515753,0.6046274067046662
Random_5fold,20260725,2,RF,15955,3989,0.6862093667367631,0.46008220292466184,0.34405078609890893,0.6552146977693869,0.4335981366301686,0.6142990252005097,0.47029905840057684,0.6668361754861076,0.4386299487849355,0.580853039884232,0.4600042948773984,0.5236572692208306,0.49462805484601197,0.4680940277096167,0.4829986136907151
Random_5fold,20260725,2,XGBoost,15955,3989,0.7141771609229415,0.43910047874004665,0.3305663839046152,0.6779500760092452,0.41905848213967495,0.6517293016266175,0.4468967634472457,0.6983763061080723,0.41735160581230096,0.6315475284697125,0.4312900740669058,0.5550523153550899,0.4780501403924816,0.47614714648715417,0.47932834079904035
Random_5fold,20260725,3,Mean,15955,3989,-0.00041645041379578807,0.8232304509696329,0.658032281703466,-0.4898446226092861,0.9294529127399811,-0.09814994315430225,0.7776041729343055,-0.24559677055310747,0.8796761502214079,-0.06415815456528762,0.713076577311435,-0.42357246597469556,0.821835277487006,-1.3632356075095977,0.8611600771161608
Random_5fold,20260725,3,LinearReg,15955,3989,0.5190574753339132,0.5707916399350591,0.4423088953210004,0.5227764879806662,0.5260388505604994,0.3733285275526895,0.587418639825244,0.5029521218511271,0.555690782294601,0.3080577498448963,0.5750002153533903,0.2338605245275034,0.6029050336209492,0.11337331937024187,0.5274736571706059
Random_5fold,20260725,3,Ridge,15955,3989,0.5183469233185134,0.5712131325650365,0.44302753789854105,0.5174012512751045,0.5289930906910096,0.3743321232606551,0.5869480846222064,0.4995316749494346,0.5575995039230327,0.3085595699051832,0.5747916726768818,0.23644181680227916,0.6018885168991943,0.1192360087733021,0.5257268434925706
Random_5fold,20260725,3,RF,15955,3989,0.6824929076506154,0.46377542237333363,0.34770620660806245,0.7023342269152744,0.41545247837707855,0.5791030946340092,0.4814105761742919,0.6877983332100206,0.44040444071775253,0.5416120649049132,0.46800411506392664,0.46696008980658366,0.5028921463577701,0.3508113479708752,0.45135248405501005
Random_5fold,20260725,3,XGBoost,15955,3989,0.7115691882387807,0.44203009666332393,0.3348609695801702,0.7176493038444189,0.4046237169737584,0.6225821399819036,0.4558678709737546,0.7085616221654218,0.4255077271596697,0.6014298111254994,0.43640075050705196,0.52236054775841,0.47604179661568014,0.3601934040164999,0.4480791478038957
Random_5fold,20260725,4,Mean,15956,3988,-6.75344153178159e-06,0.8387241584250323,0.6743088825668506,-0.5046179871266752,0.916981630476389,-0.08067509538048712,0.804595429894645,-0.22677058653470183,0.8889380871764127,-0.0351965490586621,0.759788658831831,-0.47041901274361586,0.8229979363856293,-1.0136429550505528,0.844604195265231
Random_5fold,20260725,4,LinearReg,15956,3988,0.514017503918486,0.5846931416736293,0.4507011819680401,0.49491538630638676,0.5312874784966657,0.3887041186603991,0.6051398102697415,0.5035617778217076,0.5654867622371519,0.36744458781706046,0.5939237425242796,0.1809805440737171,0.6142219051941542,0.07697220918409753,0.5718332301907721
Random_5fold,20260725,4,Ridge,15956,3988,0.5144376206115954,0.5844403625499057,0.4510760495516765,0.49015102835654556,0.5337873591778133,0.39121311328330566,0.6038966695119561,0.5000800535854448,0.5674662924279722,0.36854966306654,0.593404722910725,0.18289617477670317,0.6135031730888477,0.1247759041156643,0.5568287283778098
Random_5fold,20260725,4,RF,15956,3988,0.6903780418437842,0.4666954453879753,0.34817373216239444,0.6694389029719263,0.42980689836973396,0.6138795236457915,0.4809405620224666,0.6850888626140172,0.4503849265767737,0.5898990154298824,0.47821897565327537,0.4684090022714845,0.49484250910779654,0.4962568920348325,0.42244148386396446
Random_5fold,20260725,4,XGBoost,15956,3988,0.7156548798937459,0.4472399350248618,0.33759725428642695,0.6811815637887002,0.4221037637977789,0.6512063274064365,0.4571032286465129,0.7075594801379674,0.43401886865527284,0.6349700215742197,0.45117566306865603,0.5062646007890627,0.4768978059316774,0.525918173050691,0.40981575898223543
Random_5fold,20260726,0,Mean,15955,3989,-0.000268331658759946,0.8313530040984374,0.6656002134054617,-0.4967984134307404,0.9103753859820338,-0.05948492163335484,0.7978387112151313,-0.2648122745273729,0.8886311801648917,-0.032011947623238335,0.7239214468092046,-0.36323872295875015,0.8228098562017867,-0.7898278334772604,0.893290734060925
Random_5fold,20260726,0,LinearReg,15955,3989,0.5171677947492914,0.5775975279784438,0.4489012557968704,0.5202306746968641,0.5154126681006191,0.3998367146208567,0.6004853638707086,0.5139299368410022,0.5508811966760785,0.3128222041041028,0.5907226722834094,0.2847193521943857,0.5960075565796414,0.07948596539003006,0.6406228240337845
Random_5fold,20260726,0,Ridge,15955,3989,0.5168669243006623,0.5777774610498337,0.44944777344181314,0.5149965947625073,0.5182165085133411,0.4012670424123628,0.5997693893435706,0.5102627914598066,0.5529553477380809,0.31513060871226684,0.5897296439385052,0.28625701553849325,0.5953665829692676,0.09236612798241384,0.6361251230635768
Random_5fold,20260726,0,RF,15955,3989,0.6818618474482588,0.46885126074938765,0.3513736486973961,0.6873872294236631,0.4160468208253469,0.6032701219987713,0.4882195529502574,0.6829218378852335,0.4449299880338013,0.546029149347915,0.48013466720797043,0.5002016939456171,0.49820825400134355,0.5048372779473747,0.4698520989209118
Random_5fold,20260726,0,XGBoost,15955,3989,0.7114476579664702,0.4465185570152131,0.33753227924878815,0.6919688919150255,0.41298676981488364,0.6491185229676484,0.4591429662271027,0.705354050012919,0.42890266998881,0.5947062717100211,0.45366369139695867,0.5628760588219934,0.46592479749327065,0.5149066189477792,0.46505024214684876
Random_5fold,20260726,1,Mean,15955,3989,-3.394182534433021e-05,0.8361417909118823,0.6640635876177632,-0.6114808395213898,0.940112139323063,-0.09332361925505372,0.792139715137179,-0.2808768962780246,0.903027483146321,-0.05246123227872901,0.7323950740440507,-0.49463371940239376,0.819973766324549,-0.7383102826477059,0.8406748941007705
Random_5fold,20260726,1,LinearReg,15955,3989,0.5271631155568688,0.57494755782572,0.4415216093737645,0.4863479369804413,0.5307641802735342,0.391003332179803,0.5912006200331857,0.5092185272866383,0.5589736705310839,0.3156631275914341,0.5905780904325677,0.2379919620944032,0.5854803804709678,0.18877962742479182,0.5742934362644073
Random_5fold,20260726,1,Ridge,15955,3989,0.5259107674783862,0.5757084527086991,0.4419460861750823,0.4831402034839227,0.5324188998231065,0.390075212040759,0.591650947868333,0.5073520645221453,0.5600355621774965,0.3173203351916093,0.589862577521069,0.2406959353429744,0.5844406734556019,0.1503432764961088,0.5877412570270395
Random_5fold,20260726,1,RF,15955,3989,0.7032236760944092,0.45549874587049083,0.340564335826116,0.6804215454606077,0.41865456744304486,0.6167190873440106,0.469014229095521,0.6989314067356732,0.43780427564099306,0.5778234965472407,0.463862634539722,0.482040576316359,0.48270349091300035,0.5479581885343383,0.42870024486145547
Random_5fold,20260726,1,XGBoost,15955,3989,0.7266583423519023,0.4371449563159976,0.32966617986086866,0.7045005914207447,0.4025736966393986,0.6474131441863138,0.4498424975360012,0.7196120741266694,0.42250020689035467,0.6273137077983173,0.4358269385344082,0.5187198906374184,0.4652983653363859,0.5426060117398073,0.43123068308016865
Random_5fold,20260726,2,Mean,15955,3989,-0.0002610098529367555,0.8326098887389475,0.6675666076838878,-0.4433482664340094,0.9334475930577608,-0.08956639703901303,0.7886016739299163,-0.21433108966240266,0.8834662527654276,-0.06113229722488911,0.7383494367273342,-0.45837398206102264,0.82959794514052,-1.0819083819505138,0.8417119238196715
Random_5fold,20260726,2,LinearReg,15955,3989,0.500266445434816,0.588510410832088,0.45232556540689633,0.47013498601598425,0.5655708209066651,0.37461596811068476,0.5974536768606313,0.48045773013669646,0.5778722655040891,0.31952300642632425,0.5912673593414735,0.19675798669287126,0.6156819503909037,0.10962599925495997,0.5504513074691819
Random_5fold,20260726,2,Ridge,15955,3989,0.5000302147104788,0.588649492762438,0.45279827631848385,0.46685913059585105,0.5673164291425172,0.3756022958252705,0.5969823523451773,0.47796558766711816,0.5792565774365623,0.3204796975929789,0.5908515780422827,0.19896114500488338,0.614837014377173,0.12073771944772216,0.5470057531166408
Random_5fold,20260726,2,RF,15955,3989,0.6839323916095845,0.4680312910462571,0.3489993467559704,0.6714337184547167,0.4453647795988392,0.6016828363161524,0.4768099993433123,0.6804588176954223,0.45319470444893034,0.5445270628294518,0.4837360679487134,0.5026721480062011,0.48445629637281856,0.41979663951070056,0.44434755270752035
Random_5fold,20260726,2,XGBoost,15955,3989,0.7145996294974507,0.44474611259435126,0.336374206671834,0.6999329665821674,0.4256116577915271,0.6417630571989258,0.45218487239741006,0.7131571042469899,0.42938162645151357,0.608461165128388,0.4485022265290743,0.5294368606207569,0.4712400203643616,0.4236854299127123,0.44285593805955265
Random_5fold,20260726,3,Mean,15955,3989,-7.958539031571732e-06,0.8300840980218004,0.6656751937980847,-0.41753883269213743,0.9044104820802478,-0.07122149644813747,0.7963853231308191,-0.21429957753904416,0.8807660917355834,-0.0330527045058393,0.7468579375586034,-0.44850316886930175,0.8070483719719891,-0.7823749264608146,0.872816399267639
Random_5fold,20260726,3,LinearReg,15955,3989,0.5113962054836345,0.5802281349225955,0.444889297321849,0.5392663125649617,0.5156120857684083,0.3805223369002919,0.6056147356489173,0.5207381351678265,0.5533298524004194,0.370874291437869,0.582834803984716,0.2183377326779813,0.5928562668282172,-0.21399596227838824,0.7203308031079646
Random_5fold,20260726,3,Ridge,15955,3989,0.5167066465100265,0.5770663856646084,0.44468503495467293,0.5339344456825923,0.5185869788848252,0.3915393803754218,0.6002053272145386,0.5172025510372547,0.5553670992348734,0.3704184738148586,0.5830459050955538,0.22084231782213737,0.591905696224878,-0.018386095785285272,0.6597502996085657
Random_5fold,20260726,3,RF,15955,3989,0.6953429393717477,0.45816930443364534,0.34337353184496,0.7209014613758649,0.4013071392685331,0.6103499530870045,0.4803092764942326,0.714654917044382,0.4269557445311162,0.602028561089321,0.4635565416484097,0.44952645856276185,0.4975171610727876,0.38123995067732674,0.514262075472145
Random_5fold,20260726,3,XGBoost,15955,3989,0.7169013993417079,0.44166117884652123,0.33329665793863317,0.7307492866797176,0.3941636182641677,0.6420257377630932,0.460372644103915,0.7342989180830437,0.41199725834386913,0.6475480637760954,0.43624123269458814,0.46505425337683326,0.49044996777096467,0.42447797718791946,0.4959687792983463
Random_5fold,20260726,4,Mean,15956,3988,-8.245280034069324e-06,0.8230190560741842,0.6649061796864056,-0.5633383879114742,0.9113053002316043,-0.09393940842047765,0.7824571128680908,-0.2792711821790077,0.8670447303917409,-0.05595617606548253,0.7433603648027962,-0.4044086515849823,0.8050730264137614,-1.1735337015588834,0.874446916243366
Random_5fold,20260726,4,LinearReg,15956,3988,0.5396132188141114,0.5584310052810129,0.4319305351822335,0.49743728240785445,0.5166929475912879,0.40869923037020384,0.5752652376091276,0.5142016498575425,0.5343037379318398,0.4067032451660543,0.55720170975517,0.20691740827949912,0.6049893597152899,0.11941341793109284,0.5565911454962634
Random_5fold,20260726,4,Ridge,15956,3988,0.5384875247764261,0.5591132996972071,0.4329027256063835,0.4938961377473383,0.5185101065695387,0.4081868969959922,0.5755144033309124,0.511219158162684,0.535941370176734,0.40684884305584357,0.5571333355643956,0.20820939323325882,0.6044963746513454,0.11343959002748139,0.5584758889912252
Random_5fold,20260726,4,RF,15956,3988,0.6919714339180123,0.45677633709518556,0.33877416914053543,0.6556047413228,0.42772632667052923,0.6076708570183711,0.46858587563819,0.6828066869412277,0.4317399195539206,0.5961129785883179,0.45973376630851426,0.44748799784264126,0.5049628010605544,0.4668303678929909,0.43309479455687
Random_5fold,20260726,4,XGBoost,15956,3988,0.717518326456038,0.4374246361516031,0.3266136357555853,0.6589186007357279,0.42566350627990196,0.650402162370114,0.4423319172551517,0.7018831164524637,0.4185559123594792,0.6414045094940357,0.4331904421443628,0.49122244465561105,0.48456551114011587,0.5377091603207986,0.40328113365551566
Random_5fold,20260727,0,Mean,15955,3989,-0.00013627156120432637,0.8325529746702266,0.6687744983660389,-0.49984484150946695,0.9259297840027584,-0.0717241930405852,0.7912399873349648,-0.23265050016272415,0.8860941784358053,-0.027766713746886218,0.7662759061833286,-0.47334625931288077,0.7877078793405894,-0.6523559330148798,0.8737092190410171
Random_5fold,20260727,0,LinearReg,15955,3989,0.5223051009212136,0.5753837465878449,0.4478026046866988,0.5009710503328413,0.5340940718210542,0.40122464697829874,0.5914236235335829,0.5099851693678742,0.5586817918455275,0.3740088844523294,0.5980286371199132,0.24196154437409567,0.5650129427968187,0.11648428827116342,0.6388843570901028
Random_5fold,20260727,0,Ridge,15955,3989,0.5200393586255279,0.5767466762488497,0.44849723622250215,0.4969752397488082,0.5362280999782791,0.399035797592018,0.592503624845425,0.5070368408271215,0.560360013712272,0.3743895895395616,0.5978467598017835,0.24331152615237928,0.5645096061450573,0.07865173605368125,0.6524196412170978
Random_5fold,20260727,0,RF,15955,3989,0.6983106903870618,0.4572589855170518,0.3447314171120268,0.7017165661293908,0.4129233616011017,0.6150940590778387,0.47418085699163626,0.7135690151513241,0.4271396655619373,0.5804184405191596,0.4896052800345768,0.4779491359188238,0.4688880739896302,0.4944423399269039,0.48328182607004283
Random_5fold,20260727,0,XGBoost,15955,3989,0.7215468781294251,0.43929709722223403,0.3338406638121302,0.7204279170992309,0.3997622568740703,0.6464436633757655,0.45446037520691945,0.7349377746753021,0.41089780854871777,0.6217868070982709,0.46484293353350215,0.5071112348589497,0.4556036941401601,0.5272228130325776,0.46735121090683795
Random_5fold,20260727,1,Mean,15955,3989,-0.00022502065106255742,0.8160985430197053,0.6576243984434176,-0.4288859699616654,0.9101615511863801,-0.08249758866951562,0.7757824169630356,-0.22331752236278368,0.8736198548182237,-0.055667668996816744,0.708964438176256,-0.42892477754507174,0.8112723734147328,-1.1395272360829556,0.830709001213455
Random_5fold,20260727,1,LinearReg,15955,3989,0.4990274720803689,0.5775647784388637,0.4443270211808616,0.47483861521686377,0.5517801738450192,0.3793024945569381,0.5874439877254564,0.46736883601610557,0.5764560268369905,0.3241702856994606,0.5672565015248398,0.247502704393193,0.5887277069955034,-0.07075422015672195,0.5876718714806356
Random_5fold,20260727,1,Ridge,15955,3989,0.4985429337319939,0.5778440199471024,0.44482439597527945,0.4710467919495749,0.5537686005090384,0.38005559967859937,0.5870875005889277,0.46484826128504897,0.5778184006867816,0.32480965143038865,0.5669881127727382,0.24946493577150342,0.5879596151594549,-0.06553113259687038,0.5862368017361829
Random_5fold,20260727,1,RF,15955,3989,0.6780996594621027,0.46297171991303104,0.3450650611439857,0.6720446381725594,0.43604073909197977,0.5972600165058007,0.47319357295860065,0.666784141483086,0.45594843423074455,0.5767232138977949,0.44892425066209884,0.4580415683642467,0.49962595592688996,0.45002700936150375,0.42117316023179274
Random_5fold,20260727,1,XGBoost,15955,3989,0.7096843964454346,0.43967212720226834,0.331076674733374,0.6997548138233036,0.4172128977839571,0.6386184542427338,0.44823880219824996,0.6968558250326504,0.4348880871529316,0.6203506513323815,0.4251597768922083,0.5203017177534244,0.4700521951618389,0.47473959685383116,0.41160186882650784
Random_5fold,20260727,2,Mean,15955,3989,-0.0004343438053500126,0.8381230639930937,0.6708551870933822,-0.5356922940183213,0.9231491045263696,-0.07100755025287309,0.7994289491843446,-0.25854888422693967,0.900030858340764,-0.05545192861996595,0.7387028653816766,-0.3331793853888285,0.809107952495208,-0.685640405813082,0.8649036956793761
Random_5fold,20260727,2,LinearReg,15955,3989,0.5198070400425616,0.580659305390306,0.4445184104514948,0.5006003197845348,0.5264339388666857,0.39239692526139747,0.6021346038655878,0.5220418466766521,0.5546477973329039,0.3603988265774869,0.5750494344131132,0.1968935182511311,0.6279842337840166,0.14722314524390145,0.6151811061155089
Random_5fold,20260727,2,Ridge,15955,3989,0.5193302730399325,0.5809474921586805,0.44529906698311805,0.49640326763056064,0.5286414371731923,0.39325004904062943,0.6017117325748065,0.5187481129489045,0.5565556271263279,0.36087934845484737,0.574833381219201,0.1995073109021671,0.6269614813014069,0.1573254957675927,0.6115264040239624
Random_5fold,20260727,2,RF,15955,3989,0.6791567475140813,0.4746352084576737,0.35177070434414603,0.662467606584541,0.43279026136339893,0.595544390753802,0.4912686335161307,0.6885196546026131,0.44775214925278994,0.5704640249883439,0.47124887489589773,0.43289286914751035,0.5277092769719361,0.47596415729387975,0.48224283373651544
Random_5fold,20260727,2,XGBoost,15955,3989,0.7102231004294048,0.4510714882190264,0.335976113428236,0.6842072593187959,0.4186208174697431,0.6390125240763234,0.4641193466167538,0.7138788379830179,0.42913836819517165,0.6349568767237062,0.43443283313581876,0.4767959951645653,0.5068713039393525,0.5076895079741958,0.4674173534183791
Random_5fold,20260727,3,Mean,15955,3989,-0.0004898358168081707,0.8272612390617556,0.6607230140331519,-0.5248952180730619,0.9082042806851011,-0.10524254292646251,0.7916826472211062,-0.26153486460013564,0.8751793648922713,-0.06012893505181771,0.7202465438766581,-0.4773065311287774,0.8252906843118495,-1.0300470790213505,0.9285650998635433
Random_5fold,20260727,3,LinearReg,15955,3989,0.5114225705809615,0.5781000884032246,0.44333976720373375,0.516236723246293,0.5115404626569588,0.35822468546888386,0.6032729231666907,0.4954196704619279,0.5534935936468495,0.30602134445152085,0.5827400883383501,0.20303007421026265,0.606167434310175,0.08730238862101602,0.6226195579025569
Random_5fold,20260727,3,Ridge,15955,3989,0.5123574254097343,0.5775467488540372,0.44351788755886135,0.5122571022098835,0.5136402165334534,0.3613712082228959,0.6017922302232691,0.4926973319914586,0.5549847040723653,0.30798784829558457,0.5819138571680145,0.2052755619343789,0.60531288409052,0.12537794700783833,0.6094941107069459
Random_5fold,20260727,3,RF,15955,3989,0.6910764751929805,0.45968658126853373,0.34291129772161033,0.681005185408011,0.41538934749467465,0.5993403038100875,0.4766615905037801,0.6849792399401071,0.437337812177993,0.5539150439135017,0.46720838390836716,0.49421783816283626,0.48289575559657727,0.42695905033492654,0.49334658999709063
Random_5fold,20260727,3,XGBoost,15955,3989,0.7176686074609073,0.43945652862102486,0.3321564249500729,0.6926725661053768,0.4077220584537152,0.6400054930033747,0.4518250092491339,0.7090679356346961,0.4202843656744924,0.605380333244684,0.4394315163297234,0.5313299045364948,0.4648418871422711,0.4672955344025278,0.4756663951477852
Random_5fold,20260727,4,Mean,15956,3988,-1.6074798903087384e-05,0.8391258238342085,0.6698410357582957,-0.5199423580577658,0.9312660553099401,-0.07582752205261878,0.799472929021074,-0.2706676264008614,0.8868174703212928,-0.038054667192477076,0.7479632352473042,-0.45672362575912695,0.8501818419124014,-1.2124353922329951,0.8227567730661889
Random_5fold,20260727,4,LinearReg,15956,3988,0.5443771713981755,0.5664040290032097,0.4397556673969439,0.5248892945113637,0.5206640860160604,0.4266712024353476,0.5836255761980357,0.5410933604722756,0.5329425898842295,0.3518065543146819,0.5910475975429056,0.2546454211541207,0.6081415897412007,0.09245397389678078,0.5269513206420681
Random_5fold,20260727,4,Ridge,15956,3988,0.5437757903737535,0.5667777068453783,0.4406078532867892,0.5203581238094747,0.5231410029477209,0.42740794793516135,0.5832504670607733,0.5380671200055447,0.534696936104611,0.3528846268022906,0.5905558791196677,0.2564355989984768,0.6074108394977823,0.09575778933490253,0.5259912937233411
Random_5fold,20260727,4,RF,15956,3988,0.7184049051148065,0.4452830244112259,0.33449978808345004,0.7165514313177599,0.40215858879497873,0.6417589078588539,0.46133896571788124,0.71658458524181,0.4188224869223685,0.5937128358939499,0.46793624924731486,0.5376827897722658,0.47895341434325256,0.49635023127213873,0.3925549761404609
Random_5fold,20260727,4,XGBoost,15956,3988,0.7363297698043068,0.4308778263414434,0.32464398756609303,0.7159261884555423,0.4026018936915629,0.6717040687791473,0.44163673210934784,0.7274388993786524,0.41072410756817374,0.6380626867799357,0.4416587284980912,0.5626186949443501,0.4658577783597215,0.5146738314028798,0.385347922556219
